time_point,player1_x,player1_y,player2_x,player2_y,stag_x,stag_y,rabbit_x,rabbit_y,value,event,p1_belief_p2_stag,p2_belief_p1_stag,p1_coord_prob,p2_coord_prob,p1_cross_trial_expectation,p2_cross_trial_expectation,p1_EU_stag,p1_EU_rabbit,p1_P_choose_stag,p1_P_choose_rabbit,p1_choice_entropy,p1_goal_conflict,p1_P_coord,p1_timing_alignment,p1_dist_to_stag,p1_dist_to_rabbit,p2_EU_stag,p2_EU_rabbit,p2_P_choose_stag,p2_P_choose_rabbit,p2_choice_entropy,p2_goal_conflict,p2_P_coord,p2_timing_alignment,p2_dist_to_stag,p2_dist_to_rabbit,trial_num
1724460656.5648544,-251.0,251.0,251.0,-251.0,251.0,251.0,-251.0,-251.0,2.0,0.0,0.5,0.5,0.5,0.5,0.07375000000000001,0.07375000000000001,1.0,1.0,0.5,0.5,0.6931471803599453,1.0,0.5,1.0,502.0,502.0,1.0,1.0,0.5,0.5,0.6931471803599453,1.0,0.5,1.0,502.0,502.0,7
1724460656.5984397,-251.0,251.0,251.0,-251.0,251.0,251.0,-251.0,-251.0,2.0,0.0,0.5,0.5,0.5,0.5,0.07375000000000001,0.07375000000000001,1.0,1.0,0.5,0.5,0.6931471803599453,1.0,0.5,1.0,502.0,502.0,1.0,1.0,0.5,0.5,0.6931471803599453,1.0,0.5,1.0,502.0,502.0,7
1724460656.6320102,-251.0,251.0,251.0,-251.0,251.0,251.0,-251.0,-251.0,2.0,0.0,0.5,0.5,0.5,0.5,0.07375000000000001,0.07375000000000001,1.0,1.0,0.5,0.5,0.6931471803599453,1.0,0.5,1.0,502.0,502.0,1.0,1.0,0.5,0.5,0.6931471803599453,1.0,0.5,1.0,502.0,502.0,7
1724460656.6816015,-252.0,247.0,246.0,-254.0,252.0,246.0,-250.0,-248.0,2.0,0.0,0.27249330551072887,0.30061664226225443,0.272398124044311,0.30051163736025693,0.07375000000000001,0.07375000000000001,0.544796248088584,1.0,0.2869164565996607,0.7130835434003393,0.5993675886210139,0.5738329131993214,0.272398124044292,0.9996507016337209,504.0009920625157,495.0040403875508,0.6010232747204719,1.0,0.3104634657596767,0.6895365342403234,0.6194709901575295,0.6209269315193533,0.30051163736023595,0.9996507016337209,500.0359987040933,496.0362889950694,7
1724460656.7267003,-253.0,245.0,246.0,-254.0,253.0,241.0,-249.0,-245.0,2.0,0.0,0.27249330551072887,0.16852076617966358,0.271766053763253,0.16807100459208835,0.07375000000000001,0.07375000000000001,0.5435321075262155,1.0,0.2863994607019353,0.7136005392980647,0.5988962582383011,0.5727989214038707,0.27176605376310775,0.9973311206810823,506.01581002968675,490.0163262586258,0.336142009183997,1.0,0.20953741960324557,0.7904625803967543,0.5133431406366812,0.41907483920649125,0.1680710045919985,0.9973311206810823,495.04949247524735,495.08181142110243,7
1724460656.7672737,-254.0,243.0,246.0,-254.0,254.0,236.0,-248.0,-242.0,2.0,0.0,0.27249330551072887,0.09685802820641984,0.27054209379839783,0.09616446797852568,0.07375000000000001,0.07375000000000001,0.541084187596018,1.0,0.2853999216311101,0.71460007836889,0.5979812973153891,0.5707998432622201,0.270542093798009,0.9928394141314306,508.0482260573301,485.03711198216575,0.19232893595677492,1.0,0.16584824979566815,0.834151750204332,0.4492416030580302,0.3316964995913362,0.09616446797838746,0.9928394141314306,490.0653017711007,494.1457274934187,7
1724460656.8076265,-255.0,241.0,246.0,-254.0,255.0,231.0,-247.0,-239.0,2.0,0.0,0.27249330551072887,0.05654863277972184,0.2687304968142147,0.0557677633679001,0.07375000000000001,0.07375000000000001,0.5374609936269347,1.0,0.2839243450432158,0.7160756549567842,0.5966216229388305,0.5678486900864317,0.26873049681346733,0.9861911884763225,510.09802979427394,480.0666620376799,0.11153552673549001,1.0,0.1446827613661965,0.8553172386338035,0.4133738260610129,0.289365522732393,0.055767763367745006,0.9861911884763225,485.0834979671026,493.22814193839343,7
1724460656.8483534,-257.0,237.0,246.0,-254.0,256.0,226.0,-246.0,-236.0,2.0,0.0,0.27249330551072887,0.033285563874227916,0.2659727484995201,0.03248906571261129,0.07375000000000001,0.07375000000000001,0.5319454969964635,1.0,0.28168697486233757,0.7183130251376625,0.594539550625636,0.563373949724675,0.26597274849823177,0.9760707625448788,513.117920170403,473.12788968734446,0.06497813142490783,1.0,0.1335366618616798,0.8664633381383202,0.39305487900064306,0.26707332372335957,0.03248906571245391,0.9760707625448788,480.10415536631217,492.32915818586247,7
1724460656.8890882,-258.0,235.0,246.0,-254.0,257.0,221.0,-245.0,-233.0,2.0,0.0,0.27249330551072887,0.0196534132097508,0.26294544381251644,0.018964779516997078,0.07375000000000001,0.07375000000000001,0.5258908876212814,1.0,0.2792432925061858,0.7207567074938142,0.5922372151329658,0.5584865850123717,0.2629454438106407,0.9649611146145672,515.190256119038,468.1805207395968,0.03792955903372359,1.0,0.12740051533911942,0.8725994846608806,0.38141514861494424,0.2548010306782389,0.018964779516861794,0.9649611146145672,475.1273513490883,491.4488783179793,7
1724460656.9298754,-259.0,233.0,246.0,-254.0,258.0,216.0,-244.0,-230.0,2.0,0.0,0.27249330551072887,0.01162033479925125,0.25937141545907416,0.01106075864631274,0.07375000000000001,0.07375000000000001,0.518742830913028,1.0,0.27637506500688147,0.7236249349931185,0.5894970290008925,0.5527501300137629,0.259371415456514,0.951845092012001,517.2794215895312,463.24291683737596,0.022121517292407127,1.0,0.12392697533445737,0.8760730246655425,0.37467687504297714,0.2478539506689149,0.011060758646203563,0.951845092012001,470.15316653192923,490.5874030180555,7
1724460656.9706051,-260.0,231.0,246.0,-254.0,259.0,211.0,-243.0,-227.0,2.0,0.0,0.27249330551072887,0.01,0.25527072733512013,0.009367963255342044,0.07375000000000001,0.07375000000000001,0.5105414546635737,1.0,0.2731067093769978,0.7268932906230022,0.5863244178445226,0.5462134187539955,0.25527072733178685,0.9367963255219718,519.3852134976505,458.3153935883018,0.018735926510439437,1.0,0.12319370442648535,0.8768062955735145,0.3732402949112441,0.24638740885297084,0.009367963255219719,0.9367963255219718,465.1816849361118,489.74483151943525,7
1724460657.0114453,-263.0,225.0,246.0,-254.0,260.0,206.0,-242.0,-224.0,2.0,0.0,0.27249330551072887,0.01,0.24939650359920928,0.009152390115851481,0.07375000000000001,0.07375000000000001,0.4987930071895829,1.0,0.2684670678017963,0.7315329321982038,0.5817281826852311,0.5369341356035925,0.24939650359479146,0.9152390115689355,523.345010485435,449.49082304314067,0.01830478023137871,1.0,0.12310059241723784,0.8768994075827621,0.3730575198317262,0.24620118483447573,0.009152390115689355,0.9152390115689355,460.21299416683144,488.9212615544552,7
1724460657.0522826,-265.0,222.0,246.0,-254.0,261.0,201.0,-241.0,-221.0,2.0,0.0,0.27249330551072887,0.01,0.2434834296071851,0.008935391243862997,0.07375000000000001,0.07375000000000001,0.48696685920340715,1.0,0.26384744795227993,0.73615255204772,0.5770428795553734,0.52769489590456,0.24348342960170358,0.8935391243661834,526.4190346102617,443.64963653766245,0.01787078248732367,1.0,0.12300692569881012,0.8769930743011899,0.37287357484555134,0.24601385139762022,0.008935391243661835,0.8935391243661834,455.2471856036015,488.1167893035436,7
1724460657.0931594,-267.0,219.0,246.0,-254.0,262.0,196.0,-240.0,-218.0,2.0,0.0,0.27249330551072887,0.01,0.2370255167127174,0.008698397792505952,0.07375000000000001,0.07375000000000001,0.4740510334122139,1.0,0.2588608121338636,0.7411391878661365,0.5718619865131087,0.517721624267727,0.23702551670610694,0.869839779226336,529.4997639281816,437.8333016114695,0.017396795584526722,1.0,0.12290469840777486,0.877095301592225,0.3726727255782216,0.2458093968155498,0.008698397792263361,0.869839779226336,450.28435460273323,487.3315093445118,7
1724460657.1339169,-269.0,215.0,246.0,-254.0,263.0,191.0,-239.0,-215.0,2.0,0.0,0.27249330551072887,0.01,0.23011425791642087,0.00844476738557383,0.07375000000000001,0.07375000000000001,0.4602285158172825,1.0,0.25359251539923605,0.746407484600764,0.5662476185284615,0.507185030798472,0.23011425790864126,0.8444767385288333,532.5410782277739,431.0452412450461,0.016889534770576666,1.0,0.12279537568846877,0.8772046243115311,0.37245782842155173,0.24559075137693764,0.008444767385288333,0.8444767385288333,445.3246007127834,486.56551460209346,7
1724460657.1744766,-273.0,206.0,246.0,-254.0,264.0,186.0,-238.0,-212.0,2.0,0.0,0.27249330551072887,0.01,0.22107603568883608,0.00811308135715399,0.07375000000000001,0.07375000000000001,0.4421520713591807,1.0,0.24681053033566158,0.7531894696643383,0.5588039491220057,0.4936210606713233,0.22107603567959036,0.8113081356814689,537.3723104142974,419.4627516240268,0.016226162713629377,1.0,0.12265253473500483,0.8773474652649952,0.37217687680823713,0.24530506947000963,0.008113081356814688,0.8113081356814689,440.36802790393403,485.8188962977871,7
1724460657.2152734,-275.0,201.0,246.0,-254.0,265.0,181.0,-237.0,-209.0,2.0,0.0,0.27249330551072887,0.01,0.21332603495676355,0.007828670673465932,0.07375000000000001,0.07375000000000001,0.4266520698926388,1.0,0.24109311506068531,0.7589068849393147,0.5523366671182001,0.48218623012137063,0.2133260349463194,0.782867067308265,540.3702434442519,411.7572100158053,0.015657341346165303,1.0,0.12253016680667142,0.8774698331933287,0.37193604247987183,0.24506033361334267,0.007828670673082651,0.782867067308265,435.41474481234553,485.09174390005853,7
1724460657.2562263,-277.0,196.0,246.0,-254.0,266.0,176.0,-236.0,-206.0,2.0,0.0,0.27249330551072887,0.01,0.20527360758393007,0.00753316149177279,0.07375000000000001,0.07375000000000001,0.4105472151446009,1.0,0.2352490347718329,0.7647509652281671,0.5455414309648907,0.4704980695436658,0.20527360757230045,0.7533161491346004,543.3681992903155,404.0853870161602,0.01506632298269201,1.0,0.12240313501957437,0.8775968649804257,0.3716858817988318,0.24480627003914868,0.007533161491346005,0.7533161491346004,430.4648650006177,484.3841450749601,7
1724460657.2971132,-280.0,186.0,247.0,-254.0,267.0,171.0,-235.0,-203.0,2.0,0.0,0.4846729983451899,0.01,0.3486792968701435,0.007194114342260304,0.07375000000000001,0.07375000000000001,0.6973585936943559,1.0,0.35313600160105574,0.6468639983989444,0.6493663620624002,0.7062720032021114,0.34867929684717797,0.7194114341786468,547.2056286260221,391.5941776890969,0.014388228683572937,1.0,0.12225752700348937,0.8777424729965105,0.37139895460235195,0.24451505400697882,0.007194114341786469,0.7194114341786468,425.47032799009617,484.69062297510976,7
1724460657.3380787,-281.0,181.0,248.0,-254.0,268.0,166.0,-234.0,-200.0,2.0,0.0,0.6950756756814178,0.01,0.4809546878592602,0.00691945790489296,0.07375000000000001,0.07375000000000001,0.961909375647676,1.0,0.48096389340162415,0.5190361065983758,0.692422258463572,0.9619277868032483,0.480954687823838,0.6919457904383344,549.2048798035211,383.8880045013129,0.013838915808766688,1.0,0.12213968170602177,0.8778603182939783,0.3711665904526122,0.24427936341204348,0.006919457904383344,0.6919457904383344,420.47592083257274,485.015463671005,7
1724460657.379068,-281.0,176.0,249.0,-254.0,269.0,161.0,-233.0,-197.0,2.0,0.0,0.8398184943275896,0.01,0.5610707031942055,0.006680856720635013,0.07375000000000001,0.07375000000000001,1.1221414062978903,1.0,0.5607688096439303,0.4392311903560697,0.6857431927791273,0.8784623807121394,0.5610707031489451,0.6680856720096083,550.2045074333724,376.0757902338304,0.013361713440192166,1.0,0.12203738582118154,0.8779626141788185,0.37096478120123794,0.24407477164236302,0.006680856720096083,0.6680856720096083,415.4816482108446,485.35863029310605,7
1724460657.419772,-280.0,171.0,249.0,-254.0,270.0,156.0,-232.0,-194.0,2.0,0.0,0.8398184943275896,0.01,0.5444082529398501,0.0064824513465345495,0.07375000000000001,0.07375000000000001,1.0888165057853028,1.0,0.5442918505669971,0.4557081494330029,0.6892184967537005,0.9114162988660057,0.5444082528926514,0.6482451345972539,550.2045074333724,368.14263540100865,0.012964902691945078,1.0,0.12195237933435181,0.8780476206656481,0.3707970061640991,0.24390475866870365,0.006482451345972539,0.6482451345972539,410.5374526154709,484.72775864396294,7
1724460657.4606044,-277.0,162.0,249.0,-254.0,271.0,151.0,-231.0,-191.0,2.0,0.0,0.8398184943275896,0.01,0.5347779187248368,0.0063677797326077345,0.07375000000000001,0.07375000000000001,1.0695558373531284,1.0,0.5347219416427561,0.46527805835724395,0.6907340121446467,0.9305561167144878,0.5347779186765642,0.6367779732032935,548.1103903412159,355.9845502265513,0.012735559464065871,1.0,0.12190327170665552,0.8780967282933446,0.3707000529980846,0.24380654341331087,0.006367779732032936,0.6367779732032935,405.59709071934924,484.11672146291335,7
1724460657.5014462,-274.0,158.0,249.0,-254.0,272.0,146.0,-230.0,-188.0,2.0,0.0,0.8398184943275896,0.01,0.5247502048003397,0.006248376385429415,0.07375000000000001,0.07375000000000001,1.049500409501971,1.0,0.5247300094802717,0.47526999051972835,0.6919235344375527,0.9505399810394566,0.5247502047509855,0.6248376384841737,546.1318522115332,348.78646762740095,0.012496752769683475,1.0,0.12185215583329526,0.8781478441667047,0.37059911102377585,0.24370431166659057,0.006248376384841737,0.6248376384841737,400.6607043372235,483.5255939451396,7
1724460657.5422654,-270.0,154.0,249.0,-254.0,273.0,141.0,-229.0,-185.0,2.0,0.0,0.8398184943275896,0.01,0.5181117780353771,0.006169330415260851,0.07375000000000001,0.07375000000000001,1.0362235559706559,1.0,0.5181038603752042,0.4818961396247958,0.692491537537274,0.9637922792495917,0.5181117779853279,0.6169330414664899,543.1555946503727,341.4703501037828,0.012338660829329797,1.0,0.12181832687258919,0.8781816731274108,0.3705322932588075,0.2436366537451784,0.0061693304146648986,0.6169330414664899,395.7284422429098,482.9544491978514,7
1724460657.5831883,-266.0,150.0,249.0,-254.0,274.0,136.0,-228.0,-182.0,2.0,0.0,0.8398184943275896,0.01,0.511477709680062,0.006090336342135245,0.07375000000000001,0.07375000000000001,1.0229554192586707,1.0,0.5114756939896238,0.4885243060103762,0.6928837741264313,0.9770486120207524,0.5114777096293354,0.6090336341531225,540.1814509958667,334.16762260877397,0.01218067268306245,1.0,0.1217845282032962,0.8782154717967038,0.3704655246412789,0.24356905640659243,0.006090336341531225,0.6090336341531225,390.80046059338264,482.4033581972663,7
1724460657.6239312,-262.0,146.0,249.0,-254.0,275.0,131.0,-227.0,-179.0,2.0,0.0,0.8398184943275896,0.01,0.5048507184227525,0.006011426538385144,0.07375000000000001,0.07375000000000001,1.0097014367427335,1.0,0.5048505661973275,0.4951494338026726,0.6931001236369596,0.9902988676053451,0.5048507183713667,0.6011426537773276,537.2094563575738,326.87918257362304,0.012022853075546552,1.0,0.12175077365425904,0.878249226345741,0.3703988325225137,0.24350154730851803,0.006011426537773276,0.6011426537773276,385.87692338360944,481.8723897464971,7
1724460657.66504,-252.0,140.0,251.0,-254.0,276.0,126.0,-226.0,-176.0,2.0,0.0,0.9216029482308769,0.01,0.5688022319924471,0.006171879474608112,0.07375000000000001,0.07375000000000001,1.1376044638750966,1.0,0.5683712394886097,0.4316287605113905,0.6837685712758564,0.8632575210227809,0.5688022319375483,0.6171879474012424,528.1855734493323,317.0678160898706,0.012343758948024848,1.0,0.121819417656222,0.8781805823437779,0.3705344479028937,0.24363883531244412,0.006171879474012424,0.6171879474012424,380.8214804865923,483.335287352372,7
1724460657.7059848,-247.0,137.0,252.0,-254.0,277.0,121.0,-225.0,-173.0,2.0,0.0,0.9622398954375664,0.01,0.5898071875316738,0.006129523316672154,0.07375000000000001,0.07375000000000001,1.1796143749478711,1.0,0.5888537233442008,0.4111462766557993,0.6772730364243965,0.8222925533115985,0.5898071874739356,0.6129523316072113,524.2442178984905,310.7796647144082,0.012259046632144227,1.0,0.1218012938640756,0.8781987061359243,0.37049864621476825,0.24360258772815124,0.006129523316072113,0.6129523316072113,375.8324094593227,483.82848200576205,7
1724460657.7469776,-242.0,134.0,253.0,-255.0,280.0,117.0,-224.0,-170.0,2.0,0.0,0.9517328507979071,0.01,0.5799559382635949,0.006093684144425356,0.07375000000000001,0.07375000000000001,1.159911876412281,1.0,0.5792812987611032,0.4207187012388967,0.680522917591298,0.8414374024777935,0.5799559382061406,0.6093684143821674,522.2767465625863,304.53242848668845,0.012187368287643347,1.0,0.12178596044130548,0.8782140395586945,0.370468354216463,0.24357192088261104,0.006093684143821674,0.6093684143821674,372.9785516621566,484.5141896786925,7
1724460657.7877347,-237.0,131.0,255.0,-256.0,285.0,115.0,-223.0,-167.0,2.0,0.0,0.9612522111663898,0.01,0.582896040391928,0.0060639240526129765,0.07375000000000001,0.07375000000000001,1.1657920806672235,1.0,0.5821447776996662,0.41785522230033384,0.6795902764976134,0.8357104446006676,0.5828960403336118,0.6063924052006308,522.2451531608504,298.328677803526,0.012127848104012615,1.0,0.12177322915437877,0.8782267708456213,0.37044320120661745,0.24354645830875743,0.006063924052006307,0.6063924052006308,372.21096168705185,486.2149730314771,7
1724460657.8287525,-227.0,127.0,259.0,-258.0,290.0,114.0,-222.0,-164.0,2.0,0.0,0.968225840459203,0.01,0.6112288924676119,0.0063128752293754396,0.07375000000000001,0.07375000000000001,1.2224577848227594,1.0,0.6094296872667662,0.3905703127332337,0.6690025110260402,0.7811406254664676,0.6112288924113797,0.6312875228794663,517.163417113005,291.04295215655026,0.012625750457589327,1.0,0.12187976511755882,0.8781202348824412,0.37065363597785406,0.24375953023511765,0.006312875228794664,0.6312875228794663,373.2894319425612,490.09896959695806,7
1724460657.8698995,-222.0,125.0,261.0,-259.0,295.0,113.0,-221.0,-161.0,2.0,0.0,0.973676630373578,0.01,0.6157910596742034,0.006324389848382601,0.07375000000000001,0.07375000000000001,1.2315821192355512,1.0,0.6137645524942986,0.38623544750570143,0.6670343360840185,0.7724708950114028,0.6157910596177756,0.6324389847803067,517.1392462383802,286.00174824640493,0.012648779695606134,1.0,0.12188469461585773,0.8781153053841423,0.3706633703836978,0.24376938923171543,0.006324389847803067,0.6324389847803067,373.5505320569093,491.86176919943676,7
1724460657.9108348,-217.0,123.0,263.0,-260.0,300.0,112.0,-222.0,-158.0,2.0,0.0,0.978262678135973,0.01,0.6199043916951269,0.006336788733229826,0.07375000000000001,0.07375000000000001,1.2398087832771303,1.0,0.6176575646144072,0.3823424353855928,0.665199225911757,0.7646848707711855,0.6199043916385651,0.633678873265164,517.117008035899,281.04448046528154,0.01267357746530328,1.0,0.12189000286725339,0.8781099971327465,0.3706738524690507,0.24378000573450687,0.00633678873265164,0.633678873265164,373.8355253316624,495.60972548972444,7
1724460657.9517012,-212.0,121.0,264.0,-260.0,305.0,112.0,-223.0,-155.0,2.0,0.0,0.9895922004960144,0.01,0.6289033248304872,0.006355176652718779,0.07375000000000001,0.07375000000000001,1.2578066495469375,1.0,0.6261214381276484,0.3738785618723515,0.6609876946240155,0.7477571237447032,0.6289033247734688,0.6355176652142599,517.0783306231272,276.2191159206763,0.012710353304285198,1.0,0.1218978755304423,0.8781021244695578,0.3706893979562883,0.24379575106088447,0.006355176652142599,0.6355176652142599,374.25258850140233,498.190726529509,7
1724460657.9926686,-207.0,119.0,264.0,-260.0,310.0,111.0,-224.0,-152.0,2.0,0.0,0.9895922004960144,0.01,0.6273251260635406,0.006339228681765134,0.07375000000000001,0.07375000000000001,1.254650252012701,1.0,0.6246424819728731,0.37535751802712697,0.6617455946809965,0.7507150360542538,0.6273251260063505,0.6339228681187217,517.0618918466145,271.53268679847736,0.012678457362374433,1.0,0.1218910474894963,0.8781089525105038,0.3706759152302368,0.2437820949789925,0.006339228681187217,0.6339228681187217,373.84087523972016,499.8079631218374,7
1724460658.0334709,-202.0,117.0,264.0,-260.0,315.0,111.0,-225.0,-149.0,2.0,0.0,0.9895922004960144,0.01,0.6300206753156312,0.006366467672237567,0.07375000000000001,0.07375000000000001,1.2600413505174701,1.0,0.6271671043777882,0.3728328956222118,0.660446198888532,0.7456657912444236,0.6300206752587351,0.6366467671662621,517.0348150753487,266.9925092582187,0.012732935343325242,1.0,0.12190270992097091,0.8780972900790291,0.3706989437345512,0.2438054198419417,0.006366467671662621,0.6366467671662621,374.4889851517665,501.43992661135394,7
1724460658.074462,-197.0,115.0,264.0,-260.0,320.0,110.0,-226.0,-146.0,2.0,0.0,0.9895922004960144,0.01,0.6289648331003233,0.006355798204402446,0.07375000000000001,0.07375000000000001,1.2579296660866235,1.0,0.6261790310560886,0.3738209689439114,0.6609579918593684,0.7476419378878227,0.6289648330433117,0.6355798203826334,517.024177384385,262.60616900598507,0.012711596407652667,1.0,0.12189814165123683,0.8781018583487632,0.37068992343256796,0.2437962833024736,0.006355798203826334,0.6355798203826334,374.2138426087416,503.0864736802213,7
1724460658.1155903,-187.0,111.0,264.0,-260.0,325.0,110.0,-227.0,-143.0,2.0,0.0,0.9895922004960144,0.01,0.6520789407748855,0.006589370252191188,0.07375000000000001,0.07375000000000001,1.304157881440971,1.0,0.6475565091622639,0.35244349083773613,0.6489461471807556,0.7048869816754721,0.6520789407204854,0.6589370251641467,512.0009765615687,257.13031715455105,0.013178740503282934,1.0,0.12199818224333137,0.8780018177566687,0.3708874145266206,0.24399636448666262,0.006589370251641467,0.6589370251641467,374.9946666287402,504.74746160827794,7
1724460658.156647,-182.0,109.0,264.0,-260.0,330.0,109.0,-228.0,-140.0,2.0,0.0,0.9895922004960144,0.010060895666768092,0.6515320707585384,0.006623936793529146,0.07375000000000001,0.07375000000000001,1.3030641414081496,1.0,0.6470571059850725,0.3529428940149275,0.6492493957295578,0.705885788029855,0.6515320707040748,0.6583844035730139,512.0,253.21334877924585,0.013247873585950861,1.0,0.12201299334596494,0.8779870066540351,0.37091664532457647,0.24402598669192987,0.0066239367929754305,0.6583844035730139,374.85597234137805,506.42274830422065,7
1724460658.197657,-177.0,107.0,264.0,-260.0,335.0,109.0,-229.0,-137.0,2.0,0.0,0.9895922004960144,0.010452480038582922,0.6551386307694762,0.006919843807570588,0.07375000000000001,0.07375000000000001,1.3102772614308689,1.0,0.6503446556334307,0.34965534436656925,0.6472330223731165,0.6993106887331386,0.6551386307154344,0.6620288947174994,512.003906235099,249.47945807220282,0.013839687613999554,1.0,0.12213984721447115,0.877860152785529,0.37116691688846815,0.24427969442894215,0.006919843806999777,0.6620288947174994,375.7685457831722,508.1121923355117,7
1724460658.238768,-167.0,103.0,263.0,-258.0,340.0,109.0,-230.0,-134.0,2.0,0.0,0.99,0.011236547541524297,0.6719889289204254,0.007627106613325607,0.07375000000000001,0.07375000000000001,1.3439778577367023,1.0,0.6655120112929916,0.33448798870700835,0.6373115161736282,0.6689759774140167,0.6719889288683512,0.6787766958266174,507.03550171560966,245.2305038122297,0.015254213225469127,1.0,0.12244350731573331,0.8775564926842667,0.3717654022811234,0.24488701463146656,0.007627106612734563,0.6787766958266174,374.99066655051564,508.35519078691425,7
1724460658.2798958,-162.0,101.0,261.0,-257.0,345.0,109.0,-231.0,-131.0,2.0,0.0,0.9832489338873327,0.01286561958087775,0.669353711263302,0.008758362117023268,0.07375000000000001,0.07375000000000001,1.338707422423644,1.0,0.6631614735475481,0.3368385264524519,0.638916186539628,0.6736770529049039,0.669353711211822,0.6807571187140703,507.06311244262287,242.0433845408711,0.017516724232699322,1.0,0.12293055715526403,0.877069442844736,0.3727235402532134,0.24586111431052804,0.008758362116349661,0.6807571187140703,375.5156454796524,507.8779380914276,7
1724460658.3208675,-157.0,99.0,258.0,-255.0,350.0,109.0,-232.0,-128.0,2.0,0.0,0.9754993491267127,0.015323756428400915,0.6636714216952722,0.010425367503989872,0.07375000000000001,0.07375000000000001,1.327342843288296,1.0,0.6580655932429336,0.34193440675706643,0.6423102284974924,0.6838688135141329,0.663671421644148,0.6803401993433215,507.09860973976254,239.06902768865731,0.020850735006373564,1.0,0.12365130364602318,0.8763486963539768,0.37413737801110974,0.24730260729204634,0.010425367503186782,0.6803401993433215,375.44640096823406,506.190675536403,7
1724460658.362053,-152.0,97.0,254.0,-253.0,355.0,109.0,-233.0,-125.0,2.0,0.0,0.957500921103978,0.019025808721761683,0.6527066003676083,0.012969461079690095,0.07375000000000001,0.07375000000000001,1.3054132006351697,1.0,0.6481292923273434,0.3518707076726565,0.6485969952159858,0.7037414153453131,0.6527066003175849,0.6816772557931623,507.1419919509722,236.31546711969574,0.025938922157392234,1.0,0.12475826239536647,0.8752417376046335,0.3762994941095298,0.24951652479073294,0.012969461078696117,0.6816772557931623,375.8257574994029,503.54046510682736,7
1724460658.4030707,-142.0,93.0,244.0,-249.0,360.0,108.0,-236.0,-123.0,2.0,0.0,0.9168736951141858,0.024674971660372864,0.641230228279322,0.017256834605333733,0.07375000000000001,0.07375000000000001,1.282460456466927,1.0,0.6375903782603747,0.36240962173962527,0.6547920163469133,0.7248192434792506,0.6412302282334635,0.6993659340980503,502.22405358564816,235.5674001214939,0.03451366920819917,1.0,0.12664296028003058,0.8733570397199694,0.3799549204287502,0.2532859205600613,0.017256834604099585,0.6993659340980503,375.37314768107746,496.26202756205316,7
1724460658.4441574,-137.0,91.0,239.0,-247.0,365.0,107.0,-239.0,-121.0,2.0,0.0,0.8384774659399995,0.03467291753991431,0.5875632932938673,0.024297055610217895,0.07375000000000001,0.07375000000000001,1.1751265865041591,1.0,0.5866789713657201,0.41332102863428,0.6780445074693764,0.8266420572685599,0.5875632932520796,0.7007502492549095,502.254915356734,235.26155657055403,0.048594111216979756,1.0,0.1297905674984274,0.8702094325015727,0.38598838954329184,0.25958113499685476,0.024297055608489878,0.7007502492549095,375.7552394844282,494.3278264471868,7
1724460658.485341,-132.0,89.0,234.0,-244.0,370.0,107.0,-242.0,-119.0,2.0,0.0,0.7475781473699813,0.051317700903344525,0.5256423738012349,0.036082860655778114,0.07375000000000001,0.07375000000000001,1.0512847475284135,1.0,0.5256199165044958,0.4743800834955042,0.6918338450659267,0.9487601669910084,0.5256423737642067,0.7031269916241452,502.3226055036743,235.29555881911583,0.07216572130647263,1.0,0.13520871614846364,0.8647912838515364,0.3961696545518766,0.2704174322969273,0.036082860653236314,0.7031269916241452,376.42661967507024,492.13920794832023,7
1724460658.5262833,-127.0,87.0,229.0,-241.0,375.0,106.0,-245.0,-117.0,2.0,0.0,0.6262362842925359,0.07998831267106118,0.44032452760924806,0.05624205571373924,0.07375000000000001,0.07375000000000001,0.8806490551564604,1.0,0.4406062743671754,0.5593937256328246,0.6860752646211123,0.8812125487343507,0.4403245275782302,0.7031284175359918,502.3594330755619,235.6692597688549,0.11248411141955474,1.0,0.14491769372706167,0.8550823062729384,0.41379106127021303,0.2898353874541233,0.05624205570977737,0.7031284175359918,376.46380968162134,489.9510179599589,7
1724460658.5671368,-117.0,83.0,219.0,-235.0,380.0,106.0,-248.0,-115.0,2.0,0.0,0.48573647134466325,0.1308895747600646,0.35189804026968924,0.09482463757002332,0.07375000000000001,0.07375000000000001,0.7037960804940083,1.0,0.35608257514194586,0.6439174248580541,0.651130892018726,0.7121651502838917,0.35189804024700416,0.7244628744323965,497.5319085244684,237.41314201197878,0.18964927512782093,1.0,0.16510815441529872,0.8348918455847012,0.4480441137918869,0.3302163088305975,0.09482463756391046,0.7244628744323965,377.09680454758563,482.1711314460873,7
1724460658.6080422,-112.0,81.0,214.0,-232.0,385.0,104.0,-251.0,-113.0,2.0,0.0,0.3458214304187033,0.2281127749369387,0.25041918325511175,0.16518298105644483,0.07375000000000001,0.07375000000000001,0.5008383664778907,1.0,0.2692712147704195,0.7307287852295805,0.5825326255652303,0.538542429540839,0.25041918323894535,0.7241285854834107,497.5319085244684,238.65665714578338,0.3303659620915621,1.0,0.20763044899164515,0.7923695510083548,0.5108002228873894,0.41526089798329036,0.16518298104578105,0.7241285854834107,377.01060993027767,479.98541644512494,7
1724460658.6489122,-107.0,79.0,209.0,-229.0,390.0,103.0,-254.0,-111.0,2.0,0.0,0.22940313145097566,0.39772410708733974,0.16707302797138876,0.28966026072969775,0.07375000000000001,0.07375000000000001,0.3341460559215893,1.0,0.20887700081227414,0.791122999187726,0.5124649743983477,0.4177540016245481,0.16707302796079465,0.7282944522337473,497.5791394341206,240.22697600394508,0.5793205214226608,1.0,0.301248649130056,0.698751350869944,0.6119185703245492,0.602497298260112,0.2896602607113304,0.7282944522337473,378.133574282951,477.8001674340435,7
1724460658.6898763,-102.0,77.0,204.0,-226.0,395.0,101.0,-255.0,-108.0,2.0,0.0,0.14382469956738175,0.6379830675514849,0.1050587226248179,0.46602347395706145,0.07375000000000001,0.07375000000000001,0.21011744523643724,1.0,0.1708287508136413,0.8291712491863588,0.4571978720153498,0.3416575016272825,0.10505872261821862,0.7304637029260659,497.5791394341206,240.0708228835816,0.9320469478555762,1.0,0.4660756743780404,0.5339243256219597,0.6908436913910261,0.9321513487560807,0.4660234739277881,0.7304637029260659,378.69512803837335,473.92509956743163,7
1724460658.7308912,-92.0,73.0,194.0,-220.0,400.0,100.0,-256.0,-105.0,2.0,0.0,0.08633358120080081,0.8519054165306734,0.06527642572391773,0.6441217875188974,0.07375000000000001,0.07375000000000001,0.13055285144053527,1.0,0.14945343380811632,0.8505465661918837,0.4217598406304426,0.29890686761623253,0.06527642572026764,0.7560954244263661,492.74029670811376,242.03305559365234,1.2882435749657595,1.0,0.640258699658311,0.35974130034168916,0.653269202833122,0.7194826006833782,0.6441217874828797,0.7560954244263661,380.5732518188844,464.4620544242554,7
1724460658.771831,-87.0,71.0,189.0,-217.0,405.0,98.0,-257.0,-102.0,2.0,0.0,0.05007068058630193,0.9579566380049366,0.038116155476073894,0.7292416185675415,0.07375000000000001,0.07375000000000001,0.0762323109479886,1.0,0.13616253162848518,0.8638374683715149,0.3979357373405668,0.27232506325697026,0.0381161554739943,0.7612470017917414,492.74029670811376,242.54690268069803,1.4584832370555092,1.0,0.7144236008931752,0.28557639910682475,0.5981431975791383,0.5711527982136495,0.7292416185277546,0.7612470017917414,381.943713130613,460.5876680937083,7
1724460658.8127542,-82.0,69.0,184.0,-214.0,410.0,96.0,-258.0,-99.0,2.0,0.0,0.02850168839929955,0.9899885533042359,0.02187691421535728,0.7598811113012759,0.07375000000000001,0.07375000000000001,0.0437538284283997,1.0,0.1287011091994825,0.8712988908005175,0.3839100884834441,0.25740221839896504,0.02187691421419985,0.7675655528792285,492.74029670811376,243.3105012119288,1.5197622225221465,1.0,0.7387582370127589,0.26124176298724117,0.5743517588830251,0.5224835259744822,0.7598811112610733,0.7675655528792285,383.6352434279207,456.7154475162845,7
1724460658.8534713,-77.0,67.0,179.0,-211.0,415.0,94.0,-259.0,-96.0,2.0,0.0,0.016031467913066838,0.99,0.012424512599502814,0.7672577171477949,0.07375000000000001,0.07375000000000001,0.02484902519773891,1.0,0.12452043738949455,0.8754795626105054,0.3758359228123585,0.24904087477898917,0.012424512598869454,0.7750077950592754,492.74029670811376,244.3215094910802,1.5345154342173652,1.0,0.7444125701173498,0.2555874298826502,0.568390720044668,0.5111748597653003,0.7672577171086826,0.7750077950592754,385.64361786499205,452.8454482491792,7
1724460658.8943532,-72.0,65.0,174.0,-208.0,420.0,92.0,-260.0,-93.0,2.0,0.0,0.01,0.99,0.007835208899449312,0.7756856810454819,0.07375000000000001,0.07375000000000001,0.015670417798134037,1.0,0.1225329787037809,0.8774670212962192,0.37194157818365536,0.24506595740756165,0.007835208899067019,0.7835208899067019,492.74029670811376,245.57687187518292,1.5513713620152696,1.0,0.7507736566458499,0.24922634335415014,0.5614835985018918,0.49845268670830023,0.7756856810076348,0.7835208899067019,387.96391584785306,448.9777277326794,7
1724460658.9353375,-62.0,61.0,164.0,-202.0,425.0,90.0,-261.0,-90.0,2.0,0.0,0.01,0.99,0.008140493849199088,0.8059088910707097,0.07375000000000001,0.07375000000000001,0.016280987697728264,1.0,0.12266433453463965,0.8773356654653602,0.3722000928296364,0.24532866906927941,0.008140493848864132,0.8140493848864132,487.8626855991345,249.8039231077046,1.611817782075098,1.0,0.7727027082879858,0.22729729171201427,0.535989948655603,0.4545945834240285,0.805908891037549,0.8140493848864132,391.64397097363826,439.50995438101285,7
1724460658.9763095,-57.0,59.0,159.0,-199.0,430.0,88.0,-262.0,-87.0,2.0,0.0,0.01,0.99,0.00824681423412773,0.8164346091786451,0.07375000000000001,0.07375000000000001,0.0164936284676196,1.0,0.12271010974148247,0.8772898902585176,0.37229014297796714,0.24542021948296489,0.0082468142338098,0.8246814233809799,487.8626855991345,251.67637950352037,1.6328692182943403,1.0,0.7800123658054516,0.21998763419454836,0.5268923098016839,0.43997526838909673,0.8164346091471701,0.8246814233809799,394.72775428135276,435.6432026326131,7
1724460659.01716,-52.0,57.0,154.0,-196.0,435.0,86.0,-263.0,-84.0,2.0,0.0,0.01,0.99,0.008360682510641064,0.8277075685534653,0.07375000000000001,0.07375000000000001,0.016721365020683353,1.0,0.1227591509132279,0.8772408490867721,0.37238659641861804,0.24551830182645573,0.008360682510341676,0.8360682510341676,487.8626855991345,253.77549133042774,1.6554151370476518,1.0,0.7876520576113685,0.2123479423886315,0.5170509492161908,0.42469588477726306,0.8277075685238259,0.8360682510341676,398.1017457886865,431.7788785941248,7
1724460659.0580544,-47.0,55.0,149.0,-193.0,440.0,84.0,-264.0,-81.0,2.0,0.0,0.01,0.99,0.008481027318990558,0.8396217045800652,0.07375000000000001,0.07375000000000001,0.016962054637422206,1.0,0.1228109997405616,0.8771890002594385,0.37248854762672023,0.24562199948112318,0.008481027318711103,0.8481027318711103,487.8626855991345,256.09568524284043,1.6792434091047983,1.0,0.7955136559616445,0.20448634403835553,0.5065592675179218,0.40897268807671106,0.8396217045523992,0.8481027318711103,401.75863400803223,427.9170480361819,7
1724460659.098921,-37.0,51.0,139.0,-187.0,445.0,82.0,-265.0,-78.0,2.0,0.0,0.01,0.99,0.008808196359032534,0.8720114395442208,0.07375000000000001,0.07375000000000001,0.017616392717617956,1.0,0.12295205101080171,0.8770479489891982,0.3727657728180948,0.2459041020216035,0.008808196358808978,0.8808196358808977,482.99585919550077,261.9637379485947,1.7440228790441774,1.0,0.8157847703668808,0.18421522963311912,0.477725411445421,0.3684304592662383,0.8720114395220887,0.8808196358808977,407.4272941274308,418.4459343810141,7
1724460659.1398032,-32.0,49.0,134.0,-184.0,448.0,78.0,-266.0,-75.0,2.0,0.0,0.01,0.99,0.008914006363389385,0.882486629975549,0.07375000000000001,0.07375000000000001,0.01782801272636886,1.0,0.12299769831592938,0.8770023016840706,0.372855449486246,0.24599539663185888,0.00891400636318443,0.891400636318443,480.8752436963251,264.8244701684495,1.7649732599105172,1.0,0.8219984892906086,0.17800151070939135,0.4683495134063408,0.3560030214187828,0.8824866299552586,0.891400636318443,408.9498746790369,414.58533500354304,7
1724460659.180701,-27.0,47.0,129.0,-181.0,452.0,75.0,-267.0,-72.0,2.0,0.0,0.01,0.99,0.009032434014756603,0.8942109674609036,0.07375000000000001,0.07375000000000001,0.018064868029145534,1.0,0.12304880625695899,0.8769511937430411,0.37295583095635154,0.24609761251391793,0.009032434014572767,0.9032434014572768,479.8176737053357,267.88243690096596,1.788421934885408,1.0,0.8287570684396934,0.17124293156030657,0.4578515751535521,0.34248586312061313,0.894210967442704,0.9032434014572768,412.146818500398,410.7274035172233,7
1724460659.2215831,-22.0,46.0,124.0,-178.0,455.0,71.0,-268.0,-69.0,2.0,0.0,0.01,0.99,0.009144097606415687,0.9052656630351531,0.07375000000000001,0.07375000000000001,0.0182881952125041,1.0,0.12309701186135773,0.8769029881386423,0.3730504897431595,0.24619402372271537,0.00914409760625205,0.9144097606252051,477.6546869863207,271.55294143131647,1.8105313260379061,1.0,0.8349416303829668,0.16505836961703316,0.4479634185063327,0.33011673923406637,0.9052656630189531,0.9144097606252051,414.20043457244225,406.8722158122867,7
1724460659.262538,-12.0,44.0,114.0,-172.0,459.0,68.0,-269.0,-66.0,2.0,0.0,0.01,0.99,0.009431020739806955,0.9336710532408886,0.07375000000000001,0.07375000000000001,0.01886204147939292,1.0,0.12322095214115529,0.8767790478588448,0.3732937658817711,0.2464419042823105,0.00943102073969646,0.9431020739696461,471.61106857239895,279.5514263959317,1.8673421064598992,1.0,0.8500106022767039,0.1499893977232961,0.4226906964448055,0.29997879544659223,0.9336710532299496,0.9431020739696461,420.267771783657,397.3977856002723,7
1724460659.3035936,-7.0,43.0,109.0,-169.0,462.0,64.0,-270.0,-63.0,2.0,0.0,0.01,0.99,0.009530732125074545,0.9435424803823799,0.07375000000000001,0.07375000000000001,0.019061464249965857,1.0,0.1232640489117547,0.8767359510882452,0.3733783250419128,0.24652809782350948,0.009530732124982929,0.9530732124982928,469.46991383900206,283.5577542582816,1.8870849607466198,1.0,0.8549754754002236,0.14502452459977638,0.4139806434229715,0.2900490491995529,0.9435424803733099,0.9530732124982928,422.9633553867285,393.54415254199876,7
1724460659.3447533,-2.0,43.0,104.0,-166.0,465.0,60.0,-271.0,-60.0,2.0,0.0,0.01,0.99,0.009626245903423066,0.9529983444388834,0.07375000000000001,0.07375000000000001,0.01925249180669946,1.0,0.12330534355991189,0.876694656440088,0.37345933217651384,0.2466106871198238,0.00962624590334973,0.9626245903349729,467.3093194020423,288.0451353520833,1.9059966888632465,1.0,0.8596026194547945,0.14039738054520548,0.40568419052146876,0.2807947610904109,0.9529983444316232,0.9626245903349729,425.90726690208044,389.69346928066426,7
1724460659.3857532,3.0,43.0,99.0,-163.0,468.0,56.0,-272.0,-57.0,2.0,0.0,0.01,0.99,0.009714749135565933,0.9617601644210274,0.07375000000000001,0.07375000000000001,0.01942949827101941,1.0,0.12334361786325065,0.8766563821367495,0.37353440025666806,0.2466872357265012,0.009714749135509706,0.9714749135509705,465.1816849361118,292.61749776799064,1.9235203288309215,1.0,0.863779267742126,0.13622073225787393,0.39804325066500623,0.2724414645157479,0.9617601644154607,0.9714749135509705,429.0943952092593,385.84582413186746,7
1724460659.426968,13.0,43.0,89.0,-157.0,472.0,53.0,-273.0,-54.0,2.0,0.0,0.01,0.99,0.009889953204401279,0.9791053672357265,0.07375000000000001,0.07375000000000001,0.01977990640875878,1.0,0.1234194171113424,0.8765805828886576,0.37368302670712195,0.24683883422268482,0.00988995320437939,0.988995320437939,459.10891953870816,302.00165562460086,1.9582107344671194,1.0,0.8717388492919604,0.12826115070803948,0.38306780733169576,0.256522301416079,0.9791053672335597,0.988995320437939,436.7940017903176,376.3681708115074,7
1724460659.467994,18.0,43.0,84.0,-154.0,469.0,49.0,-274.0,-51.0,2.0,0.0,0.01,0.99,0.009944679811246634,0.9845233013134166,0.07375000000000001,0.07375000000000001,0.0198893596224712,1.0,0.12344310190752879,0.8765568980924713,0.3737294567409426,0.24688620381505755,0.0099446798112356,0.9944679811235599,451.03990954238185,306.75723300355935,1.9690466026246487,1.0,0.874142512538344,0.12585748746165595,0.3784353998740755,0.25171497492331196,0.9845233013123244,0.9944679811235599,435.2401635878748,372.52248254300036,7
1724460659.5090215,23.0,43.0,79.0,-151.0,473.0,52.0,-275.0,-48.0,2.0,0.0,0.01,0.99,0.00998952087494364,0.9889625666194203,0.07375000000000001,0.07375000000000001,0.01997904174988309,1.0,0.12346251131010924,0.8765374886898907,0.373767501724212,0.24692502262021854,0.009989520874941545,0.9989520874941544,450.08999100179955,311.58465944266254,1.9779251332384258,1.0,0.876083153920559,0.12391684607944098,0.3746570642093947,0.24783369215888196,0.9889625666192129,0.9989520874941544,443.22116375462036,368.6800781165155,7
1724460659.5501585,28.0,43.0,74.0,-148.0,476.0,56.0,-276.0,-45.0,2.0,0.0,0.01,0.99,0.009998485486615874,0.9898500631749716,0.07375000000000001,0.07375000000000001,0.019996970973231144,1.0,0.12346639194638083,0.8765336080536192,0.3737751078643897,0.24693278389276163,0.009998485486615572,0.9998485486615571,448.1885763827543,316.4806471176397,1.9797001263498832,1.0,0.8764680313624175,0.12353196863758246,0.37390361871154665,0.24706393727516496,0.9898500631749416,0.9998485486615571,450.7992901502841,364.84106128559597,7
1724460659.591185,33.0,43.0,69.0,-145.0,473.0,52.0,-277.0,-42.0,2.0,0.0,0.01,0.99,0.009980467526594462,0.9880662851328518,0.07375000000000001,0.07375000000000001,0.01996093505318112,1.0,0.12345859236750954,0.8765414076324904,0.3737598203614894,0.2469171847350191,0.00998046752659056,0.9980467526590558,440.0920358288707,321.4420632089086,1.9761325702649306,1.0,0.8756934223489038,0.12430657765109618,0.375418621875465,0.2486131553021924,0.9880662851324653,0.9980467526590558,449.47191235938203,361.00554012369395,7
1724460659.6322098,43.0,45.0,59.0,-139.0,476.0,56.0,-278.0,-39.0,2.0,0.0,0.01,0.99,0.009836917678436138,0.9738548501651775,0.07375000000000001,0.07375000000000001,0.019673835356807574,1.0,0.12339646791331027,0.8766035320866897,0.3736380337428555,0.24679293582662054,0.009836917678403787,0.9836917678403787,433.1397003277349,331.80867981413627,1.9477097003239499,1.0,0.8693722132388509,0.130627786761149,0.3875783628768653,0.2612555735222981,0.9738548501619749,0.9836917678403787,460.341177823579,351.52382565055245,7
1724460659.6732404,48.0,46.0,54.0,-136.0,473.0,52.0,-279.0,-36.0,2.0,0.0,0.01,0.99,0.009743405249508738,0.964597119701365,0.07375000000000001,0.07375000000000001,0.019486810498916162,1.0,0.12335601273731658,0.8766439872626834,0.3735587076420434,0.2467120254746331,0.009743405249458081,0.9743405249458081,425.0423508310672,337.12460604352214,1.9291942393927002,1.0,0.865109001532645,0.13489099846735497,0.39557964390032474,0.26978199693470994,0.9645971196963501,0.9743405249458081,459.24394389039037,347.6909547284772,7
1724460659.7142818,53.0,47.0,49.0,-133.0,476.0,56.0,-280.0,-33.0,2.0,0.0,0.01,0.99,0.009581472857898031,0.948565812931905,0.07375000000000001,0.07375000000000001,0.0191629457156322,1.0,0.12328598479766181,0.8767140152023383,0.3734213583273742,0.24657196959532357,0.0095814728578161,0.95814728578161,423.0957338475537,342.4748165924029,1.8971316258475879,1.0,0.8574491686848169,0.142550831315183,0.4095670981281838,0.28510166263036607,0.9485658129237939,0.95814728578161,466.9582422444217,343.8618908806267,7
1724460659.7551162,58.0,48.0,44.0,-130.0,480.0,59.0,-281.0,-30.0,2.0,0.0,0.01,0.99,0.009393561163193885,0.9299625551561946,0.07375000000000001,0.07375000000000001,0.018787122326152702,1.0,0.12320476489165925,0.8767952351083408,0.3732620008192096,0.24640952978331843,0.009393561163076351,0.9393561163076352,422.14334058468813,347.85772953895963,1.8599251102891177,1.0,0.8481095428022359,0.151890457197764,0.4259743098154498,0.3037809143955281,0.9299625551445588,0.9393561163076352,475.2020622850873,340.03676271838606,7
1724460659.796123,68.0,50.0,34.0,-124.0,483.0,63.0,-282.0,-27.0,2.0,0.0,0.01,0.99,0.008935130974513804,0.8845779664768666,0.07375000000000001,0.07375000000000001,0.01787026194862519,1.0,0.12300681339135788,0.8769931866086421,0.3728733542446325,0.24601362678271577,0.008935130974312595,0.8935130974312595,415.2035645319052,358.3699206127657,1.7691559329138937,1.0,0.8232191861726946,0.17678081382730534,0.4664768112769915,0.35356162765461074,0.8845779664569469,0.8935130974312595,486.38462146741443,330.55256768024054,7
1724460659.8371289,73.0,51.0,29.0,-121.0,487.0,66.0,-283.0,-24.0,2.0,0.0,0.01,0.99,0.008660894701002756,0.8574285753992729,0.07375000000000001,0.07375000000000001,0.01732178940150745,1.0,0.12288852811946577,0.8771114718805343,0.3726409464111551,0.24577705623893142,0.008660894700753725,0.8660894700753725,414.27165000757657,363.8145131794497,1.7148571507492376,1.0,0.8068567967279953,0.19314320327200474,0.4907486776041018,0.3862864065440095,0.8574285753746188,0.8660894700753725,494.7049625787071,326.73077602209435,7
1724460659.8780675,78.0,52.0,24.0,-118.0,490.0,70.0,-284.0,-21.0,2.0,0.0,0.01,0.99,0.008349334281277147,0.8265840938464375,0.07375000000000001,0.07375000000000001,0.0166986685619518,1.0,0.12275426266353232,0.8772457373364677,0.37237698328469654,0.24550852532706458,0.0083493342809759,0.83493342809759,412.393016429716,369.28715114393026,1.653168187633228,1.0,0.7868994531391565,0.2131005468608434,0.5180357941508926,0.4262010937216869,0.826584093816614,0.83493342809759,502.4937810560445,322.9133010577297,7
1724460659.9188836,83.0,53.0,19.0,-115.0,490.0,65.0,-285.0,-18.0,2.0,0.0,0.01,0.99,0.008111611517226126,0.8030495402053864,0.07375000000000001,0.07375000000000001,0.016223223033773184,1.0,0.1226519020650332,0.8773480979349667,0.37217563199804593,0.24530380413006647,0.008111611516886592,0.8111611516886592,407.17686574755203,374.78660595063957,1.6060990803435453,1.0,0.7706876571417701,0.2293123428582299,0.5384441014888334,0.45862468571645976,0.8030495401717727,0.8111611516886592,504.22316487840976,319.100297712177,7
1724460659.9598787,88.0,54.0,14.0,-112.0,493.0,69.0,-286.0,-15.0,2.0,0.0,0.01,0.99,0.0077617899963960445,0.7684172096432084,0.07375000000000001,0.07375000000000001,0.015523579992005439,1.0,0.1225014065991342,0.8774985934008658,0.371879418834696,0.24500281319826844,0.007761789996002719,0.7761789996002719,405.2776825831889,380.3117142555564,1.5368344192085384,1.0,0.7452940011096172,0.2547059988903828,0.5674463998540444,0.5094119977807656,0.7684172096042692,0.7761789996002719,512.0566374923774,315.2919282189127,7
1724460660.000872,98.0,56.0,4.0,-106.0,498.0,71.0,-287.0,-12.0,2.0,0.0,0.01,0.99,0.007087230142500066,0.7016357841075065,0.07375000000000001,0.07375000000000001,0.014174460284024104,1.0,0.12221165517169973,0.8777883448283004,0.3713085211621642,0.24442331034339937,0.007087230142012052,0.7087230142012052,400.2811511925087,390.9590771423526,1.4032715681183863,1.0,0.6913723787997866,0.3086276212002135,0.6179981912923871,0.6172552424004268,0.7016357840591931,0.7087230142012052,524.7523225294005,305.8054937374409,7
1724460660.0421836,103.0,57.0,-1.0,-103.0,501.0,75.0,-288.0,-9.0,2.0,0.0,0.01,0.99,0.006701090406797847,0.6634079502729868,0.07375000000000001,0.07375000000000001,0.013402180812522676,1.0,0.12204605777996447,0.8779539422200355,0.37098189302341245,0.24409211555992893,0.006701090406261338,0.6701090406261337,398.4068272507388,396.531209364408,1.3268159004397448,1.0,0.657828413381917,0.3421715866180831,0.6424653817704781,0.6843431732361661,0.6634079502198724,0.6701090406261337,532.6236945536689,302.00165562460086,7
1724460660.0832725,108.0,58.0,-6.0,-100.0,504.0,79.0,-289.0,-6.0,2.0,0.0,0.01,0.99,0.0063100381228001845,0.6246937741572183,0.07375000000000001,0.07375000000000001,0.01262007624443821,1.0,0.12187855055644727,0.8781214494435527,0.3706512375182303,0.2437571011128945,0.006310038122219105,0.6310038122219105,396.55642725846724,402.1256022687439,1.2493875481993828,1.0,0.6221714311592137,0.37782856884078636,0.6629910920667943,0.7556571376815726,0.6246937740996914,0.6310038122219105,540.5006938015898,298.2029510249689,7
1724460660.124194,113.0,59.0,-11.0,-97.0,506.0,83.0,-290.0,-3.0,2.0,0.0,0.01,0.99,0.005915465666170156,0.5856311009508455,0.07375000000000001,0.07375000000000001,0.011830931331098032,1.0,0.12170973617953368,0.8782902638204662,0.37031773647251903,0.24341947235906747,0.005915465665549016,0.5915465665549016,393.7321424522006,407.74133957694306,1.171262201778705,1.0,0.5848036001174939,0.4151963998825062,0.6786941134427914,0.8303927997650122,0.5856311008893526,0.5915465665549016,547.4385810298722,294.4095786485216,7
1724460660.1652005,123.0,61.0,-21.0,-91.0,509.0,87.0,-291.0,-0.0,2.0,0.0,0.01,0.99,0.005173241241424034,0.5121508829009793,0.07375000000000001,0.07375000000000001,0.010346482481484221,1.0,0.1213927277436363,0.8786072722563638,0.36969075020423403,0.24278545548727248,0.005173241240742111,0.517324124074211,386.87465670420954,418.4698316485909,1.0243017656669378,1.0,0.5121484913925559,0.48785150860744403,0.6928519796247472,0.9757030172148882,0.5121508828334689,0.517324124074211,559.0921212108072,284.9227965607526,7
1724460660.2064223,128.0,62.0,-26.0,-88.0,512.0,91.0,-294.0,1.0,2.0,0.0,0.01,0.99,0.004793595706367101,0.474565974930343,0.07375000000000001,0.07375000000000001,0.009587191411324308,1.0,0.1212308541366048,0.8787691458633952,0.3693702297494261,0.24246170827320968,0.004793595705662154,0.47935957056621536,385.09349514111506,426.38597537911585,0.9491319497211064,1.0,0.4745878895216237,0.5254121104783763,0.6918550730322823,0.9491757790432473,0.4745659748605532,0.47935957056621536,566.9964726521674,282.39157211220027,7
1724460660.2474153,133.0,63.0,-31.0,-85.0,516.0,94.0,-297.0,1.0,2.0,0.0,0.01,0.99,0.004434552026100182,0.43902065058391804,0.07375000000000001,0.07375000000000001,0.008869104050757968,1.0,0.12107793600393421,0.8789220639960659,0.3690672158062381,0.24215587200786837,0.004434552025378984,0.4434552025378984,384.252521136817,434.4467746456406,0.8780413010250387,1.0,0.43932119659436786,0.5606788034056323,0.6857651633112495,0.8786423931887356,0.4390206505125194,0.4434552025378984,575.5432216610669,279.55679208346913,7
1724460660.2883558,138.0,64.0,-36.0,-82.0,519.0,98.0,-300.0,1.0,2.0,0.0,0.01,0.99,0.004076636526785276,0.40358701615174225,0.07375000000000001,0.07375000000000001,0.008153273052107347,1.0,0.120925663929954,0.879074336070046,0.3687652637106578,0.24185132785990793,0.0040766365260536735,0.40766365260536735,382.51405202946466,442.50762705291305,0.8071740321586274,1.0,0.40476444539933537,0.5952355546006646,0.6748962533589666,0.8095288907986709,0.4035870160793137,0.40766365260536735,583.4595101633017,276.739950133695,7
1724460660.3294718,148.0,66.0,-46.0,-76.0,522.0,102.0,-303.0,1.0,2.0,0.0,0.01,0.99,0.0034274744650959034,0.33931997204449443,0.07375000000000001,0.07375000000000001,0.006854948928723802,1.0,0.12064990493687464,0.8793500950631254,0.3682178844941937,0.24129980987374922,0.003427474464361901,0.3427474464361901,375.7286254732264,455.6599609357838,0.6786399439436563,1.0,0.3446319134375391,0.6553680865624609,0.6440600988143315,0.6892638268750781,0.33931997197182817,0.3427474464361901,595.2377676189575,268.28715958837836,7
1724460660.370254,153.0,67.0,-51.0,-73.0,527.0,104.0,-306.0,1.0,2.0,0.0,0.01,0.99,0.0031286562917254923,0.30973697288082375,0.07375000000000001,0.07375000000000001,0.006257312581996807,1.0,0.1205231517553279,0.8794768482446722,0.3679660401634152,0.2410463035106557,0.0031286562909984034,0.31286562909984034,375.8257574994029,463.7208211844709,0.6194739456176839,1.0,0.3184178856079121,0.6815821143920879,0.6256711475435359,0.6368357712158241,0.30973697280884194,0.31286562909984034,604.4940032787753,265.5202440493003,7
1724460660.4111788,158.0,68.0,-56.0,-70.0,530.0,108.0,-309.0,1.0,2.0,0.0,0.01,0.99,0.002831266562420932,0.28029538967967227,0.07375000000000001,0.07375000000000001,0.005662533123412801,1.0,0.12039711860366321,0.8796028813963368,0.3677154761670889,0.2407942372073264,0.0028312665617064004,0.28312665617064003,374.1443571671234,471.7817291926427,0.5605907792178673,1.0,0.29342268666410093,0.7065773133358991,0.6051879193851689,0.5868453733282017,0.28029538960893363,0.28312665617064003,612.4377519389216,262.77366686941826,7
1724460660.4520824,163.0,69.0,-61.0,-67.0,533.0,112.0,-312.0,1.0,2.0,0.0,0.01,0.99,0.0025522988181845606,0.2526775830002715,0.07375000000000001,0.07375000000000001,0.005104597634974965,1.0,0.12027899607083233,0.8797210039291676,0.3674805029514906,0.24055799214166473,0.0025522988174874824,0.2552298817487482,372.4902683292545,479.8426825533552,0.5053551658625215,1.0,0.2710524042957553,0.7289475957042447,0.584302777667582,0.5421048085915106,0.25267758293126075,0.2552298817487482,620.3845581572772,260.0480724789169,7
1724460660.4926915,173.0,71.0,-71.0,-61.0,536.0,116.0,-315.0,1.0,2.0,0.0,0.01,0.99,0.002063279133024772,0.20426463416945242,0.07375000000000001,0.07375000000000001,0.004126558264746967,1.0,0.12007217323354606,0.879927826766454,0.3670687665408686,0.24014434646709204,0.0020632791323734836,0.20632791323734836,365.77862157321334,492.99492898000483,0.4085292682099498,1.0,0.2345237254928943,0.7654762745071058,0.5446848967025667,0.4690474509857885,0.2042646341049749,0.20632791323734836,632.2800012652622,251.75384803414624,7
1724460660.5334606,178.0,72.0,-76.0,-58.0,540.0,119.0,-318.0,3.0,2.0,0.0,0.01,0.99,0.0018425931577705497,0.1824167226192844,0.07375000000000001,0.07375000000000001,0.003685186314294463,1.0,0.11997893833732057,0.8800210616626795,0.3668830250802138,0.23995787667464108,0.0018425931571472314,0.18425931571472315,365.03835414925925,500.77639720737636,0.3648334451151518,1.0,0.21920023452115278,0.7807997654788471,0.5258938596248852,0.4384004690423057,0.1824167225575759,0.18425931571472315,640.9251126301731,249.56962956257317,7
1724460660.5741987,183.0,73.0,-81.0,-55.0,543.0,123.0,-321.0,5.0,2.0,0.0,0.01,0.99,0.0016356850160687073,0.16193281659080203,0.07375000000000001,0.07375000000000001,0.003271370030952835,1.0,0.11989158106685116,0.880108418933149,0.36670891824883944,0.2397831621337022,0.0016356850154764175,0.16356850154764174,363.45563690772497,508.5666131393212,0.32386563306433064,1.0,0.20549970908107404,0.7945002909189259,0.5079327580493769,0.41099941816214813,0.16193281653216532,0.16356850154764174,648.8913622479498,247.38633753705963,7
1724460660.6151085,188.0,74.0,-86.0,-52.0,547.0,126.0,-324.0,7.0,2.0,0.0,0.01,0.99,0.0014495618256119883,0.14350662073558684,0.07375000000000001,0.07375000000000001,0.002899123650104145,1.0,0.11981304621301757,0.8801869537869825,0.3665523331427496,0.23962609242603505,0.0014495618250520725,0.14495618250520725,362.7464679359401,516.3651808555646,0.28701324136031037,1.0,0.19372683225182538,0.8062731677481747,0.49158200827099574,0.3874536645036507,0.14350662068015518,0.14495618250520725,657.5507584970152,245.20399670478457,7
1724460660.6562417,193.0,75.0,-91.0,-49.0,550.0,130.0,-327.0,9.0,2.0,0.0,0.01,0.99,0.0012772106394964326,0.12644385331014682,0.07375000000000001,0.07375000000000001,0.002554421277941516,1.0,0.11974036210368107,0.880259637896319,0.36640736131232154,0.2394807242073621,0.001277210638970758,0.1277210638970758,361.2118491965622,524.1717275855309,0.25288770651621006,1.0,0.18328848655116023,0.8167115134488399,0.4763435141048854,0.3665769731023204,0.12644385325810503,0.1277210638970758,665.523853817427,243.02263269086689,7
1724460660.6974876,203.0,77.0,-101.0,-43.0,554.0,133.0,-330.0,11.0,2.0,0.0,0.01,0.99,0.0009871936949954689,0.09773217580455142,0.07375000000000001,0.07375000000000001,0.0019743873890766084,1.0,0.11961814186304764,0.8803818581369524,0.3661634743535656,0.2392362837260953,0.0009871936945383042,0.09871936945383042,355.43916497763723,537.0707588390937,0.19546435151858424,1.0,0.16671759170485254,0.8332824082951473,0.4506431600181196,0.33343518340970524,0.09773217575929212,0.09871936945383042,678.233735521907,235.28068344001383,7
1724460660.7384758,208.0,78.0,-106.0,-40.0,557.0,137.0,-333.0,13.0,2.0,0.0,0.01,0.99,0.000860024160633649,0.08514239190273125,0.07375000000000001,0.07375000000000001,0.0017200483204233103,1.0,0.11956458351477782,0.8804354164852222,0.36605655552577904,0.23912916702955567,0.0008600241602116552,0.08600241602116551,353.9519741433857,544.8908147509921,0.17028478372190772,1.0,0.15983846941329263,0.8401615305867074,0.43940192755183916,0.3196769388265852,0.08514239186095386,0.08600241602116551,686.2200813150254,233.10512649875378,7
1724460660.779486,213.0,79.0,-111.0,-37.0,561.0,140.0,-336.0,15.0,2.0,0.0,0.01,0.99,0.0007477063235120155,0.07402292602768953,0.07375000000000001,0.07375000000000001,0.0014954126462484085,1.0,0.11951729729977871,0.8804827027002213,0.3659621351433645,0.23903459459955734,0.0007477063231242043,0.07477063231242043,353.30581653859025,552.7178303619307,0.14804585197859244,1.0,0.15395550821057372,0.8460444917894262,0.42950939745260064,0.3079110164211475,0.07402292598929622,0.07477063231242043,694.9194197890861,230.93072554339753,7
1724460660.8204377,218.0,80.0,-116.0,-34.0,564.0,144.0,-339.0,17.0,2.0,0.0,0.01,0.99,0.0006467037581515975,0.06402367205700815,0.07375000000000001,0.07375000000000001,0.001293407515594808,1.0,0.11947478865808182,0.8805252113419182,0.3658772364093678,0.23894957731616362,0.000646703757797404,0.0646703757797404,351.86929391465804,560.5515141358553,0.12804734404388599,1.0,0.14881756640627292,0.8511824335937271,0.4206525421948722,0.2976351328125457,0.06402367202194299,0.0646703757797404,702.9110896834677,228.7575135378071,7
1724460660.8614645,228.0,83.0,-126.0,-28.0,568.0,147.0,-342.0,19.0,2.0,0.0,0.01,0.99,0.0004792289118159747,0.04744366226978149,0.07375000000000001,0.07375000000000001,0.0009584578230495582,1.0,0.11940433282804426,0.8805956671719558,0.36573648340833964,0.2388086656560885,0.0004792289115247791,0.04792289115247791,345.9710970586994,573.5817291371824,0.09488732448190626,1.0,0.14061089222904294,0.8593891077709569,0.4060708834914826,0.281221784458086,0.04744366224095313,0.04792289115247791,715.7241088575961,221.05429197371402,7
1724460660.9024613,233.0,85.0,-131.0,-26.0,571.0,151.0,-345.0,21.0,2.0,0.0,0.01,0.99,0.00040684254540001094,0.04027741199460108,0.07375000000000001,0.07375000000000001,0.0008136850902789519,1.0,0.11937389136374763,0.8806261086362525,0.3656756544265335,0.2387477827274952,0.00040684254513947596,0.040684254513947596,344.3835071544513,581.532458251472,0.08055482393761623,1.0,0.13718258153453383,0.8628174184654661,0.3998159018340782,0.2743651630690678,0.040277411968808116,0.040684254513947596,723.9703032583587,219.10043359153812,7
1724460660.9436948,238.0,87.0,-136.0,-24.0,575.0,154.0,-348.0,23.0,2.0,0.0,0.01,0.99,0.0003443468566846509,0.03409033881178044,0.07375000000000001,0.07375000000000001,0.0006886937129053024,1.0,0.11934761473563443,0.8806523852643655,0.3656231406478605,0.23869522947126898,0.0003443468564526512,0.03443468564526512,343.5956926388921,589.4845205770886,0.06818067757762493,1.0,0.13427950172200767,0.8657204982779924,0.39444164119076586,0.2685590034440153,0.034090338788812465,0.03443468564526512,732.942698988127,217.14741536569116,7
1724460660.984558,243.0,89.0,-141.0,-22.0,578.0,158.0,-351.0,25.0,2.0,0.0,0.01,0.99,0.0002899649837247865,0.028706533388753865,0.07375000000000001,0.07375000000000001,0.0005799299670389152,1.0,0.11932475367104373,0.8806752463289562,0.36557744752083554,0.23864950734208756,0.0002899649835194576,0.02899649835194576,342.0321622303961,597.4378628778059,0.057413066736852605,1.0,0.1317957220562532,0.8682042779437468,0.3897860994979133,0.26359144411250646,0.028706533368426303,0.02899649835194576,741.1889097929084,215.19526017085042,7
1724460661.025544,248.0,91.0,-146.0,-20.0,582.0,161.0,-354.0,27.0,2.0,0.0,0.01,0.99,0.00024339327300237654,0.02409593402723528,0.07375000000000001,0.07375000000000001,0.00048678654564300616,1.0,0.11930517885360961,0.8806948211463903,0.3655383187667915,0.23861035770721928,0.00024339327282150308,0.024339327282150307,341.2565017695634,605.3924347066124,0.04819186801865761,1.0,0.12969973185993292,0.8703002681400671,0.3858155098861519,0.2593994637198658,0.024095934009328804,0.024339327282150307,750.1633155520203,213.243991709028,7
1724460661.0667708,258.0,97.0,-156.0,-17.0,585.0,165.0,-357.0,29.0,2.0,0.0,0.01,0.99,0.00016733619450247307,0.016566283255744833,0.07375000000000001,0.07375000000000001,0.00033467238873116124,1.0,0.11927321684461312,0.8807267831553868,0.36547442100446403,0.23854643368922634,0.00016733619436558062,0.016733619436558062,333.99550895184206,618.7479292894644,0.033132566484384965,1.0,0.1263377628106876,0.8736622371893124,0.3793651710949666,0.2526755256213753,0.016566283242192482,0.016733619436558062,763.0235907231178,206.196508214858,7
1724460661.1076615,263.0,100.0,-161.0,-16.0,589.0,168.0,-360.0,31.0,2.0,0.0,0.01,0.99,0.00013745168623180862,0.013607716936949052,0.07375000000000001,0.07375000000000001,0.00027490337222791153,1.0,0.11926066029040361,0.8807393397095963,0.3654493155502275,0.23852132058080733,0.00013745168611395577,0.013745168611395577,333.01651610693426,626.8093809125705,0.027215433850563242,1.0,0.1250373034777907,0.8749626965222093,0.37684274391163813,0.2500746069555815,0.013607716925281621,0.013745168611395577,772.2408950580124,204.47493733951845,7
1724460661.148669,268.0,104.0,-166.0,-15.0,592.0,172.0,-363.0,33.0,2.0,0.0,0.01,0.99,0.00011183193539182723,0.011071361603790896,0.07375000000000001,0.07375000000000001,0.00022366387058265458,1.0,0.11924989656642504,0.8807501034335748,0.36542779346871773,0.2384997931328502,0.00011183193529132729,0.011183193529132728,331.058907144937,634.9818895055197,0.022142723187682803,1.0,0.12393158001698741,0.8760684199830124,0.37468588058526187,0.24786316003397502,0.011071361593841401,0.011183193529132728,780.7259442339546,202.76340892774513,7
1724460661.1897893,278.0,112.0,-176.0,-13.0,596.0,175.0,-366.0,35.0,2.0,0.0,0.01,0.99,7.322152264870095e-05,0.0072489307422213935,0.07375000000000001,0.07375000000000001,0.00014644304515339394,1.0,0.11923367661269846,0.8807663233873014,0.3653953595644062,0.23846735322539703,7.322152257669697e-05,0.007322152257669697,324.18050527445354,648.5869255543162,0.014497861470186,1.0,0.12228105847791644,0.8777189415220835,0.37144533781884304,0.24456211695583296,0.007248930735093,0.007322152257669697,794.5615142957781,195.96938536414305,7
1724460661.232086,283.0,116.0,-181.0,-12.0,599.0,179.0,-369.0,37.0,2.0,0.0,0.01,0.99,5.8715556762915844e-05,0.005812840119528668,0.07375000000000001,0.07375000000000001,0.000117431113405168,1.0,0.11922758325484652,0.8807724167451536,0.3653831744565831,0.2384551665096929,5.8715556702584e-05,0.0058715556702584,322.21886971436044,656.7686046089597,0.011625680227111631,1.0,0.12166586175381991,0.8783341382461802,0.37023101676691866,0.24333172350763965,0.0058128401135558155,0.0058715556702584,803.0448306290253,194.28072472584614,7
1724460661.2731302,288.0,120.0,-186.0,-12.0,603.0,182.0,-372.0,39.0,2.0,0.0,0.01,0.99,4.666575881998225e-05,0.004619910123178242,0.07375000000000001,0.07375000000000001,9.33315175397763e-05,1.0,0.11922252183654525,0.8807774781634549,0.36537305268673914,0.23844504367309038,4.666575876988815e-05,0.004666575876988815,321.04361074470864,664.951877958097,0.009239820236437853,1.0,0.1211568599751838,0.8788431400248162,0.36922363451777773,0.24231371995036755,0.0046199101182189265,0.004666575876988815,812.5004615383305,192.86523792534516,7
1724460661.314426,298.0,130.0,-196.0,-12.0,606.0,186.0,-375.0,41.0,2.0,0.0,0.01,0.99,2.88308972468441e-05,0.0028542588274375657,0.07375000000000001,0.07375000000000001,5.7661794426236596e-05,1.0,0.11921503079093455,0.8807849692090653,0.36535807172661816,0.2384300615818692,2.8830897213118298e-05,0.00288308972131183,313.04951684997053,678.8593374182902,0.0057085176481974234,1.0,0.12040685861801928,0.8795931413819807,0.36773484544159807,0.2408137172360385,0.0028542588240987117,0.00288308972131183,826.0798992833562,186.6815470259447,7
1724460661.355271,303.0,135.0,-201.0,-13.0,610.0,189.0,-378.0,43.0,2.0,0.0,0.01,0.99,2.2356921185773438e-05,0.0022133351973915704,0.07375000000000001,0.07375000000000001,4.4713842316967434e-05,1.0,0.11921231167510873,0.8807876883248913,0.3653526337733377,0.2384246233502174,2.2356921158483717e-05,0.0022356921158483718,311.7130090323469,687.1862920635132,0.004426670389379776,1.0,0.12013560429747255,0.8798643957025274,0.36719508612688123,0.24027120859494522,0.002213335194689888,0.0022356921158483718,835.7780805931679,185.64751546950473,7
1724460661.3962414,308.0,140.0,-206.0,-14.0,613.0,193.0,-381.0,45.0,2.0,0.0,0.01,0.99,1.7208704565754035e-05,0.0017036617520096492,0.07375000000000001,0.07375000000000001,3.4417409087695155e-05,1.0,0.11921014942592095,0.8807898505740791,0.36534830944606367,0.2384202988518418,1.7208704543847578e-05,0.0017208704543847577,309.57067044537666,695.5185116156148,0.00340732349968182,1.0,0.11992027499701588,0.8800797250029841,0.36676611447106877,0.2398405499940317,0.00170366174984091,0.0017208704543847577,844.7544021785267,184.67809832245945,7
1724460661.4372523,313.0,145.0,-211.0,-15.0,617.0,196.0,-384.0,47.0,2.0,0.0,0.01,0.99,1.3201855639899966e-05,0.0013069837083500967,0.07375000000000001,0.07375000000000001,2.6403711244788737e-05,1.0,0.11920846657423427,0.8807915334257657,0.36534494384504335,0.23841693314846857,1.3201855622394368e-05,0.0013201855622394368,308.24827655641485,703.8558090972895,0.002613967413234085,1.0,0.11975291530803736,0.8802470846919626,0.36643240284118356,0.23950583061607478,0.0013069837066170425,0.0013201855622394368,854.4618189246374,183.77431811871864,7
1724460661.480708,323.0,155.0,-221.0,-16.0,620.0,200.0,-387.0,49.0,2.0,0.0,0.01,0.99,7.716016684535293e-06,0.000763885651768994,0.07375000000000001,0.07375000000000001,1.5432033346950185e-05,1.0,0.11920616258922583,0.8807938374107741,0.36534033597141546,0.23841232517845168,7.716016673475092e-06,0.0007716016673475092,300.38974682901545,717.8690688419442,0.0015277713013480683,1.0,0.11952410785854857,0.8804758921414515,0.36597573567133046,0.2390482157170971,0.0007638856506740341,0.0007716016673475092,868.2954566275238,178.27226368675525,7
1724460661.5219471,328.0,160.0,-226.0,-16.0,624.0,203.0,-390.0,51.0,2.0,0.0,0.01,0.99,5.86786568992707e-06,0.0005809187033027799,0.07375000000000001,0.07375000000000001,1.1735731362389414e-05,1.0,0.11920538639716984,0.8807946136028302,0.36533878360839084,0.23841077279433964,5.867865681194707e-06,0.0005867865681194707,299.1070042643602,726.2265486747232,0.001161837404876552,1.0,0.11944710893027051,0.8805528910697296,0.3658219449143778,0.238894217860541,0.000580918702438276,0.0005867865681194707,877.7590785631328,177.15812146215595,7
1724460661.56301,333.0,165.0,-231.0,-16.0,627.0,207.0,-393.0,53.0,2.0,0.0,0.01,0.99,4.425284318619363e-06,0.00043810314754331694,0.07375000000000001,0.07375000000000001,8.85056862356813e-06,1.0,0.1192047805405102,0.8807952194594898,0.3653375719075439,0.2384095610810204,4.425284311784065e-06,0.0004425284311784065,296.98484809834997,734.5883200813909,0.0008762062937332448,1.0,0.11938703691803727,0.8806129630819628,0.36570192332054086,0.23877407383607452,0.0004381031468666224,0.0004425284311784065,886.5060631490345,176.08236708995025,7
1724460661.6039588,338.0,170.0,-236.0,-15.0,631.0,210.0,-396.0,55.0,2.0,0.0,0.01,0.99,3.3544427767327946e-06,0.00033208983489654663,0.07375000000000001,0.07375000000000001,6.708885542731288e-06,1.0,0.11920433080921004,0.8807956691907899,0.36533667245194124,0.23840866161842011,3.354442771365644e-06,0.0003354442771365644,295.7177708559295,742.9542381600633,0.0006641796687303975,1.0,0.11934246179529377,0.8806575382047063,0.3656128417384557,0.23868492359058746,0.00033208983436519877,0.0003354442771365644,895.7198222658691,174.64249196572982,7
1724460661.64504,348.0,180.0,-246.0,-13.0,634.0,214.0,-399.0,57.0,2.0,0.0,0.01,0.99,1.908403835302707e-06,0.00018893197969496796,0.07375000000000001,0.07375000000000001,3.816807664067929e-06,1.0,0.11920372350509023,0.8807962764949097,0.36533545785009397,0.23840744701018057,1.9084038320339645e-06,0.00019084038320339646,288.01388855400705,757.0587823940754,0.000377863958742725,1.0,0.11928229144283754,0.8807177085571625,0.36549256373492744,0.23856458288567506,0.0001889319793713625,0.00019084038320339646,908.8063600129568,168.25278600962304,7
1724460661.6861427,353.0,185.0,-251.0,-11.0,638.0,217.0,-402.0,59.0,2.0,0.0,0.01,0.99,1.4374259411871032e-06,0.00014230516817752322,0.07375000000000001,0.07375000000000001,2.874851877287156e-06,1.0,0.1192035257054515,0.8807964742945485,0.3653350622521399,0.2384070514109029,1.437425938643578e-06,0.0001437425938643578,286.7908645685912,765.4417025482737,0.0002846103358514284,1.0,0.11926269949693148,0.8807373005030686,0.36545339282231903,0.23852539899386282,0.0001423051679257142,0.0001437425938643578,917.7717581185423,166.43617395265971,7
1724460661.7275016,358.0,190.0,-256.0,-9.0,641.0,221.0,-405.0,61.0,2.0,0.0,0.01,0.99,1.07292676229893e-06,0.00010621974946759406,0.07375000000000001,0.07375000000000001,2.1458535206752572e-06,1.0,0.11920337262456375,0.8807966273754364,0.365334756091133,0.2384067452491273,1.0729267603376286e-06,0.00010729267603376285,284.6928169097352,773.8281462960623,0.00021243949854685045,1.0,0.11924753880938349,0.8807524611906166,0.36542307898286036,0.23849507761876687,0.00010621974927342523,0.00010729267603376285,926.0178184030802,164.62381358722072,7
1724460661.7686813,363.0,195.0,-261.0,-7.0,645.0,224.0,-408.0,63.0,2.0,0.0,0.01,0.99,1e-06,7.93010455199798e-05,0.07375000000000001,0.07375000000000001,1.6020413206137987e-06,1.0,0.11920325843065244,0.8807967415693476,0.36533452770373837,0.23840651686130476,8.010206603068993e-07,8.010206603068994e-05,283.4872131155125,782.218000304263,0.00015860209074076607,1.0,0.11923623044949609,0.8807637695505038,0.3654004664589658,0.2384724608989922,7.930104537038303e-05,8.010206603068994e-05,934.9850266180737,162.8158468945821,7
1724460661.8101366,373.0,205.0,-271.0,-1.0,648.0,228.0,-411.0,65.0,2.0,0.0,0.01,0.99,1e-06,4.451725319868953e-05,0.07375000000000001,0.07375000000000001,8.993384466579687e-07,1.0,0.11920311087178292,0.8807968891282171,0.3653342325863685,0.23840622174356585,4.4966922332898433e-07,4.4966922332898434e-05,275.9601420495358,796.401908586362,8.90345062191389e-05,1.0,0.11922161939396768,0.8807783806060322,0.365371247966159,0.2384432387879355,4.451725310956945e-05,4.4966922332898434e-05,947.1018952573161,154.77725931156684,7
1724460661.8512056,378.0,210.0,-276.0,2.0,653.0,230.0,-414.0,67.0,2.0,0.0,0.01,0.99,1e-06,3.326178688814853e-05,0.07375000000000001,0.07375000000000001,6.719552892852998e-07,1.0,0.11920306312417987,0.8807969368758202,0.36533413709123735,0.23840612624835966,3.359776446426499e-07,3.3597764464264986e-05,275.72631357924473,804.8061878489752,6.652357363924467e-05,1.0,0.11921689182688311,0.8807831081731168,0.3653617935674018,0.23843378365376633,3.326178681962233e-05,3.3597764464264986e-05,956.5693911055276,152.5417975507041,7
1724460661.8924515,383.0,215.0,-281.0,5.0,656.0,234.0,-417.0,69.0,2.0,0.0,0.01,0.99,1e-06,2.44666849702408e-05,0.07375000000000001,0.07375000000000001,4.942764629965966e-07,1.0,0.11920302581387268,0.8807969741861272,0.36533406247066663,0.23840605162774542,2.471382314982983e-07,2.4713823149829825e-05,273.6603734558586,813.2133791324391,4.893336983666305e-05,1.0,0.11921319778495006,0.88078680221505,0.3653544059100386,0.23842639556990008,2.4466684918331526e-05,2.4713823149829825e-05,964.5776277729025,150.30635382444748,7
1724460661.933529,388.0,220.0,-286.0,9.0,659.0,238.0,-420.0,71.0,2.0,0.0,0.01,0.99,1e-06,1.8049399152732293e-05,0.07375000000000001,0.07375000000000001,3.646343255220202e-07,1.0,0.11920299859066921,0.8807970014093307,0.36533400802428306,0.23840599718133848,1.823171627610101e-07,1.8231716276101008e-05,271.59712811441875,821.6233930457433,3.609879822668e-05,1.0,0.11921050251503112,0.8807894974849689,0.3653490155993855,0.23842100503006214,1.804939911334e-05,1.8231716276101008e-05,972.3507597569923,147.648230602334,7
1724460661.9744084,393.0,225.0,-291.0,13.0,662.0,242.0,-423.0,73.0,2.0,0.0,0.01,0.99,1e-06,1.3257772199176393e-05,0.07375000000000001,0.07375000000000001,2.678337812004775e-07,1.0,0.119202978263787,0.880797021736213,0.3653339673705314,0.23840595652757401,1.3391689060023875e-07,1.3391689060023874e-05,269.5366394388711,830.0361437913411,2.651554433884727e-05,1.0,0.11920849005869576,0.8807915099413043,0.3653449908127235,0.23841698011739143,1.3257772169423636e-05,1.3391689060023874e-05,980.1275427208441,144.99655168313487,7
1724460662.0155132,403.0,235.0,-301.0,21.0,665.0,238.0,-426.0,75.0,2.0,0.0,0.01,0.99,1e-06,7.585391712588515e-06,0.07375000000000001,0.07375000000000001,1.5324023625693868e-07,1.0,0.11920295420060496,0.8807970457993951,0.36533391924417746,0.2384059084012099,7.662011812846934e-08,7.662011812846934e-06,262.01717500957835,844.2991176117621,1.5170783389436929e-05,1.0,0.11920610772880778,0.8807938922711923,0.3653402262522581,0.23841221545761548,7.585391694718464e-06,7.662011812846934e-06,990.0732296148603,136.1653406708183,7
1724460662.056573,408.0,240.0,-306.0,25.0,670.0,236.0,-429.0,77.0,2.0,0.0,0.01,0.99,1e-06,5.759534276404667e-06,0.07375000000000001,0.07375000000000001,1.1635422752563422e-07,1.0,0.11920294645501477,0.8807970535449853,0.3653339037529992,0.23840589291002945,5.817711376281711e-08,5.817711376281711e-06,262.03053257206494,852.7238708984287,1.1519068525037787e-05,1.0,0.11920534089994782,0.8807946591000522,0.36533869261500485,0.23841068179989566,5.759534262518894e-06,5.817711376281711e-06,998.5474450420471,133.5402561027947,7
1724460662.097354,413.0,245.0,-311.0,29.0,673.0,232.0,-432.0,79.0,2.0,0.0,0.01,0.99,1e-06,4.443951253421455e-06,0.07375000000000001,0.07375000000000001,8.97767927773124e-08,1.0,0.11920294087409357,0.8807970591259063,0.36533389259115806,0.23840588174818722,4.48883963886562e-08,4.48883963886562e-06,260.3247971285102,861.1509739877207,8.887902484953929e-06,1.0,0.11920478838024805,0.8807952116197518,0.3653375875868806,0.23840957676049623,4.443951242476964e-06,4.48883963886562e-06,1004.7213544062852,130.92364186807515,7
1724460662.1382186,418.0,249.0,-316.0,33.0,676.0,228.0,-435.0,81.0,2.0,0.0,0.01,0.99,1e-06,3.4360693706729707e-06,0.07375000000000001,0.07375000000000001,6.941554266735165e-08,1.0,0.11920293659849174,0.8807970634015082,0.36533388403995504,0.2384058731969836,3.4707771333675823e-08,3.470777133367582e-06,258.8532402733255,869.3865653436335,6.872138724067813e-06,1.0,0.1192043650906383,0.8807956349093619,0.365336741014332,0.2384087301812764,3.4360693620339064e-06,3.470777133367582e-06,1010.9841739611951,128.3160161476345,7
1724460662.1791816,428.0,257.0,-326.0,41.0,677.0,223.0,-438.0,83.0,2.0,0.0,0.01,0.99,1e-06,2.005580081901885e-06,0.07375000000000001,0.07375000000000001,4.051676922512026e-08,1.0,0.11920293053011953,0.8807970694698803,0.3653338719032113,0.2384058610602392,2.025838461256013e-08,2.025838461256013e-06,251.3105648396024,883.3074210035825,4.011160153286906e-06,1.0,0.11920376431686289,0.8807962356831371,0.36533553947331965,0.23840752863372572,2.005580076643453e-06,2.025838461256013e-06,1019.3787323659445,119.61605243444544,7
1724460662.220174,433.0,261.0,-331.0,45.0,680.0,219.0,-441.0,85.0,2.0,0.0,0.01,0.99,1e-06,1.564022491643202e-06,0.07375000000000001,0.07375000000000001,3.159641388817573e-08,1.0,0.11920292865695928,0.8807970713430406,0.3653338681568909,0.2384058573139186,1.5798206944087865e-08,1.5798206944087866e-06,250.54540506662659,891.5447268645584,3.1280449749293974e-06,1.0,0.1192035788729968,0.8807964211270031,0.36533516858691156,0.23840715774599375,1.5640224874646987e-06,1.5798206944087866e-06,1025.8640260775305,117.04699910719626,7
1724460662.2613015,438.0,265.0,-336.0,49.0,683.0,215.0,-444.0,87.0,2.0,0.0,0.01,0.99,1e-06,1.224751956180842e-06,0.07375000000000001,0.07375000000000001,2.474246369391609e-08,1.0,0.11920292721771761,0.8807970727822825,0.3653338652784075,0.23840585443543516,1.2371231846958046e-08,1.2371231846958045e-06,250.04999500099976,899.7821958674222,2.449503905697693e-06,1.0,0.11920343638747215,0.8807965636125278,0.36533488361665695,0.23840687277494432,1.2247519528488465e-06,1.2371231846958045e-06,1032.4325643837471,114.49017425089369,7
1724460662.3023124,443.0,269.0,-341.0,53.0,684.0,210.0,-447.0,89.0,2.0,0.0,0.01,0.99,1e-06,1e-06,0.07375000000000001,0.07375000000000001,1.974989324344804e-08,1.0,0.11920292616934183,0.8807970738306583,0.36533386318165595,0.2384058523386835,9.87494662172402e-09,9.874946621724019e-07,248.11690792850052,908.0198235721509,1.955239431101356e-06,1.0,0.11920333259792532,0.8807966674020746,0.3653346760380204,0.23840666519585074,9.77619715550678e-07,9.874946621724019e-07,1036.9541937809981,111.94641575325224,7
1724460662.3432362,453.0,277.0,-351.0,61.0,685.0,205.0,-450.0,91.0,2.0,0.0,0.01,0.99,1e-06,1e-06,0.07375000000000001,0.07375000000000001,1.194814011662059e-08,1.0,0.11920292453107371,0.8807970754689263,0.3653338599051199,0.23840584906214746,5.974070058310295e-09,5.974070058310295e-07,242.91562321102361,921.9571573560238,1.1828658715454385e-06,1.0,0.11920317040899912,0.8807968295910008,0.365334351660677,0.23840634081799827,5.914329357727193e-07,5.974070058310295e-07,1045.9598462656202,103.4456378974,7
1724460662.3843858,458.0,280.0,-356.0,65.0,686.0,200.0,-453.0,93.0,2.0,0.0,0.01,0.99,1e-06,1e-06,0.07375000000000001,0.07375000000000001,9.624464368740239e-09,1.0,0.1192029240431316,0.8807970759568683,0.36533385892923576,0.2384058480862633,4.8122321843701195e-09,4.812232184370119e-07,241.6278129686233,929.9946236403736,9.528219725052836e-07,1.0,0.11920312210265303,0.8807968778973471,0.36533425504808786,0.23840624420530598,4.764109862526418e-07,4.812232184370119e-07,1050.7088083765168,100.96038827183659,7
1724460662.4254782,463.0,283.0,-361.0,69.0,689.0,196.0,-456.0,95.0,2.0,0.0,0.01,0.99,1e-06,1e-06,0.07375000000000001,0.07375000000000001,7.637754838569624e-09,1.0,0.1192029236259481,0.880797076374052,0.3653338580948686,0.23840584725189606,3.818877419284812e-09,3.818877419284812e-07,242.1672975444868,938.0325154279035,7.561377290183928e-07,1.0,0.11920308080143145,0.8807969191985686,0.3653341724457153,0.23840616160286288,3.780688645091964e-07,3.818877419284812e-07,1057.6525894640451,98.49365461794989,7
1724460662.4666512,468.0,286.0,-366.0,73.0,690.0,191.0,-459.0,97.0,2.0,0.0,0.01,0.99,1e-06,1e-06,0.07375000000000001,0.07375000000000001,6.227112154750139e-09,1.0,0.11920292332973122,0.8807970766702687,0.36533385750243497,0.23840584665946252,3.1135560773750694e-09,3.1135560773750693e-07,241.47256572952548,946.0708218732888,6.164841033202637e-07,1.0,0.11920305147593104,0.8807969485240691,0.36533411379475467,0.23840610295186193,3.0824205166013183e-07,3.1135560773750693e-07,1062.5723504778393,96.04686356149273,7
1724460662.5076065,473.0,288.0,-371.0,77.0,691.0,186.0,-462.0,99.0,2.0,0.0,0.01,0.99,1e-06,1e-06,0.07375000000000001,0.07375000000000001,5.036030595326938e-09,1.0,0.11920292307961938,0.8807970769203807,0.3653338570022112,0.23840584615923865,2.518015297663469e-09,2.5180152976634687e-07,240.68236329236922,953.9108973064518,4.985670289373668e-07,1.0,0.11920302671483717,0.8807969732851629,0.3653340642725945,0.23840605342967425,2.492835144686834e-07,2.5180152976634687e-07,1067.5790368867308,93.62157870918435,7
1724460662.5487485,483.0,292.0,-381.0,85.0,692.0,181.0,-465.0,97.0,2.0,4.0,0.01,0.99,1e-06,1e-06,0.07375000000000001,0.07375000000000001,3.026465754569831e-09,1.0,0.11920292265763655,0.8807970773423636,0.36533385615824554,0.23840584531527298,1.5132328772849155e-09,1.5132328772849155e-07,236.64741705752886,967.8476119720501,2.996201097024133e-07,1.0,0.11920298493851104,0.8807970150614889,0.3653339807199758,0.23840596987702212,1.4981005485120665e-07,1.5132328772849155e-07,1077.2859416143885,84.8528137423857,7
1724460662.5897012,488.0,293.0,-386.0,88.0,693.0,176.0,-468.0,95.0,2.0,4.0,0.01,0.99,1e-06,1e-06,0.07375000000000001,0.07375000000000001,2.425325537560913e-09,1.0,0.11920292253140478,0.8807970774685951,0.36533385590578216,0.2384058450628096,1.2126627687804566e-09,1.2126627687804565e-07,236.03813251252433,976.2888916709029,2.4010722821853037e-07,1.0,0.1192029724415643,0.8807970275584357,0.365333955726089,0.2384059448831286,1.2005361410926519e-07,1.2126627687804565e-07,1082.5825603620262,82.29823813423954,7
1724460662.6307497,493.0,294.0,-391.0,91.0,694.0,171.0,-471.0,93.0,2.0,4.0,0.01,0.99,1e-06,1e-06,0.07375000000000001,0.07375000000000001,1.9518630000279588e-09,1.0,0.11920292243198376,0.8807970775680163,0.36533385570694,0.23840584486396743,9.759315000139794e-10,9.759315000139794e-08,235.64804263986576,984.7319432210982,1.9323443700276794e-07,1.0,0.11920296259887624,0.8807970374011237,0.3653339360407172,0.2384059251977525,9.661721850138397e-08,9.759315000139794e-08,1087.945311125518,80.02499609497022,7
1724460656.5313523,,,,,,,,,,,0.01,0.99,,,0.07375000000000001,0.07375000000000001,,1.0,,,,,,,,,,1.0,,,,,,,,,7
